objectPath,objectName,objectType,id
/Explore/HEAP_Claims,tf_US_Infapp_CLAIMS_Verizon_V0,WORKFLOW,02tiYGEWiyZd7OOBQINzg7
/Explore/HEAP_Claims,mc_US_HEAP_CLAIMS_Asurion_Param_Start,MTT,hxgyXlcynSrfpr4bDXS4cw
/Explore/HEAP_Claims,mc_US_Infapp_Claims_Merged_Customer_Case_Sprint_IICS,MTT,cUWKmSf4cuylJBjMVv7kCr
/Explore,HEAP_Claims,Project,9OQJoRgx1zHbS9bpcne7Ef
/Explore/HEAP_Claims,m_US_Heap_Claims_Merged_Customer_Case_V0_Asurion_Infapp,DTEMPLATE,4Engo4EEqkmfIYB4ktPIaA
/Explore/HEAP_Claims,m_US_Infapp_Claims_Merged_Service_Request_Sprint_IICS,DTEMPLATE,7rOoJVd9TiRfMt0CBKhgQq
/Explore/HEAP_Claims,m_US_Infapp_Claims_Merged_Customer_Case_ATT_IICS,DTEMPLATE,4IFd1Qp5xDfiDnXnWhvTA9
/Explore/HEAP_Claims,tf_US_INFAPP_CLAIMS_Asurion_V0,WORKFLOW,d9d5z5AEIWzh4fKCd7xjk5
/Explore/HEAP_Claims,mc_US_Heap_Claims_Merged_Service_Request_V0_Asurion_Infapp,MTT,9RRkeBPkpDulerMiNGRaEM
/Explore/HEAP_Claims,tf_US_Infapp_CLAIMS_SPRINT,WORKFLOW,5uyPZJPbHVxcU3RtBXgme6
/Explore/HEAP_Claims,mc_US_HEAP_CLAIMS_V0_ATT_Param_Start,MTT,0VMpdl4QT3Ohd7O3NunrY2
/Explore/HEAP_Claims,v0,Folder,8uUCkSzfteRdqQKeYh7M0p
/Explore/HEAP_Claims,m_US_Infapp_Claims_Merged_Customer_Case_Sprint_IICS,DTEMPLATE,4a3ihmYIkYWegW75zilCke
/SYS,Redshift_ODBC_Heap_Att,Connection,1ap9hjsxZ4DlQMlTCXLIax
/Explore/HEAP_Claims,m_US_Heap_Claims_Merged_Customer_Case_V0_Verizon_Infapp,DTEMPLATE,4JwUGVC1ddNhar8RYhaqoh
/Explore/HEAP_Claims,m_US_Infapp_Merged_Customer_Case_Etl_Sprint,DTEMPLATE,14eHyZhm5MOiVRIXe0ToEK
/Explore/HEAP_Claims,mc_US_HEAP_Claims_Merged_Service_Request_Hive_Asurion,MTT,9RVzZjg0WwfgEhqjoRBCm5
/Explore/HEAP_Claims,m_US_Heap_Claims_Merged_Service_Request_V0_ATT_Infapp,DTEMPLATE,6P9MCKuVzk6fwtdqeiLCg9
/Explore/HEAP_Claims,mc_US_Infapp_Merged_Customer_Case_Etl_V0_ATT,MTT,5vJ57T7BXUxdkVQ4Yw7vKF
/SYS,Redshift_heap_asurion,Connection,0BI6JiBfIUlidhzPMR7oc6
/SYS,Redshift_Odbc_Heap_Verizon,Connection,9RqLRfv0zayeNfO7yHHAgA
/Explore/HEAP_Claims,m_US_Heap_Claims_Merged_Customer_Case_ATT,DTEMPLATE,797Lcg2Deo0f1RQrqvgji1
/Explore/HEAP_Claims,m_US_Heap_Claims_Merged_Service_Request_Sprint,DTEMPLATE,llOTsYuu3yjcIKVtuY3Aec
/Explore/HEAP_Claims,tf_US_HEAP_CLAIMS_Verizon_V0_Infapp,WORKFLOW,7iwlW9Mwgqlc8X6x6Ls40d
/Explore/HEAP_Claims,mc_US_Heap_Claims_Merged_Customer_Case_ATT,MTT,7MuXymMxOg9f9VtwHnRAaw
/Explore/HEAP_Claims,mc_US_HEAP_CLAIMS_V0_Verizon_Param_Start,MTT,6mIiHWvIhirkDvzp92tQsT
/Explore/HEAP_Claims,mc_US_HEAP_CLAIMS_V0_Asurion_Param_Start,MTT,lzm1ZIHUU0se9nsrNPtLs3
/Explore/HEAP_Claims,m_US_Infapp_Merged_Customer_Case_Etl_V0_ATT,DTEMPLATE,1lhzTP79DEWfFM20Isp5QG
/Explore/HEAP_Claims,mc_US_Heap_Claims_Merged_Service_Request_V0_Verizon_Infapp,MTT,0eLcO0RL3mPiAbVylMvcEJ
/SYS,Redshift_infapp_att,Connection,9fpbEnr1Ox6f3spra1zMoW
/Explore/HEAP_Claims,tf_US_HEAP_CLAIMS_ASURION_Infapp,WORKFLOW,8AL4FIuNpfScpUmNOlHKEM
/Explore/HEAP_Claims,mc_US_HEAP_Claims_Sprint_Param_End,MTT,f8QUJcIbWGujIyy1NMBmEv
/Explore/HEAP_Claims,mc_US_Heap_Claims_Merged_Customer_Case_V0_Verizon_Infapp,MTT,4Patv8QLRUIbP75kv79Loe
/Explore/HEAP_Claims,mc_US_Infapp_Claims_Merged_Customer_Case_V0_Verizon_IICS,MTT,8ccfnFNvQ9jgbcO9dc82e9
/Explore/HEAP_Claims,mc_US_Infapp_Merged_Customer_Case_Etl_Sprint,MTT,4e0FO5QbrEufyFfdpFljYx
/Explore/HEAP_Claims,m_US_Heap_Claims_Merged_Service_Request_Asurion_Infapp,DTEMPLATE,8nzocemZP7kjCyTzzJ8Z09
/Explore/HEAP_Claims,mc_US_HEAP_Claims_Merged_Service_Request_Hive_ATT,MTT,4qLIJzzqlQbc6StmN43K6Z
/Explore/HEAP_Claims,mc_US_HEAP_Claims_Sprint_Param_Start,MTT,1irVAGpILCWjofIMspu4KO
/Explore/HEAP_Claims,mc_US_Infapp_Claims_Merged_Customer_Case_V0_Asurion_IICS,MTT,16bducmDaR0hZvUU1IKccB
/SYS,Redshift_ODBC_Infapp_Att,Connection,a8wEYvbL694bwSby53lXAC
/Explore/HEAP_Claims,m_US_Heap_Claims_Merged_Customer_Case_V0_ATT_Infapp,DTEMPLATE,cJKQ9ViFU6lj1uV6meDNO6
/Explore/HEAP_Claims,mc_US_Heap_Claims_Merged_Service_Request_V0_ATT_Infapp,MTT,7oqVhQ0MPrFg6GdQ5Rk4iV
/Explore/HEAP_Claims,m_US_Heap_Claims_Merged_Service_Request_V0_Verizon,DTEMPLATE,6dZHFeO2RaAfAGANf2SU0e
/Explore/HEAP_Claims,mc_US_Heap_Claims_Merged_Service_Request_Sprint,MTT,6mr02rt0WwbbrssmbLuOcj
/Explore/HEAP_Claims,mc_US_Heap_Claims_Merged_Service_Request_Sprint_Infapp,MTT,azdtebWhbw9jPGa0oqzMa0
/Explore/HEAP_Claims,m_US_HEAP_CLAIMS_V0_ATT_Param_Start,DTEMPLATE,adTaWzQxAqZdyrzk1MVZUA
/Explore/HEAP_Claims,mc_US_HEAP_CLAIMS_Asurion_Param_End,MTT,fnTSe1cCrGuk0bHZOfqys3
/SYS,Redshift_Infapp_Verizon,Connection,kyXwLc8pvapdH5rJXWfdcJ
/Explore/HEAP_Claims,mc_US_Infapp_Claims_Merged_Service_Request_ATT_IICS,MTT,arsXjCuGYwedolOqXw7SOw
/SYS,US_RTM_Param,Connection,6AkzQqDolA6lsWtEmygrgq
/Explore/HEAP_Claims,m_US_HEAP_CLAIMS_Asurion_Param_Start,DTEMPLATE,arnYxo6S8f0eSDKpFZJzKY
/Explore/HEAP_Claims,m_US_Infapp_Merged_Customer_Case_Etl_Asurion,DTEMPLATE,dBe0xth66AwhaVYNT8lzuw
/Explore/HEAP_Claims,m_US_HEAP_UNIFIED_CLAIMS_Hive_Unload,DTEMPLATE,3NdGKect7AyhPI8O83HCUd
/Explore/HEAP_Claims,tf_US_HEAP_CLAIMS_ATT,WORKFLOW,9RMYMeWnOZ6kczpXDiOPwF
/Explore/HEAP_Claims,m_US_Infapp_Claims_Merged_Service_Request_V0_Asurion_IICS,DTEMPLATE,6dBHnq46cJMhMrOz4L9qq3
/Explore/HEAP_Claims,m_US_HEAP_CLAIMS_V0_Asurion_Param_End,DTEMPLATE,6fAhIPpJh89e6eatcNJZa3
/Explore/HEAP_Claims,m_US_HEAP_CLAIMS_V0_Verizon_Param_End,DTEMPLATE,0NkTLuuUisadhS1uzO4i0C
/Explore/HEAP_Claims,mc_US_HEAP_CLAIMS_ATT_Param_End,MTT,aclTXHUmYNegLCJWZeXkik
/SYS,Redshift_Heap_Sprint,Connection,0E7MAYvdNgViPeqso1xae1
/Explore/HEAP_Claims,mc_US_Heap_Claims_Merged_Customer_Case_V0_Verizon,MTT,1z78bLlGR5NkYMLURhhzcU
/Explore/HEAP_Claims,m_US_Heap_Claims_Merged_Customer_Case_Sprint_Infapp,DTEMPLATE,3Aha43zbF0mdraT4nvhzUS
/Explore/HEAP_Claims,tf_US_HEAP_CLAIMS_ATT_V0,WORKFLOW,ieXhAb8O70Jf29duKaIlEk
/SYS,Redshift_Odbc_Heap_Sprint,Connection,de2VXgXIzAtda0dv6QVuKm
/Explore/HEAP_Claims,m_US_HEAP_CLAIMS_V0_Verizon_Param_Start,DTEMPLATE,1Zak2gCvUDVbTIQioQnQiP
/Explore/HEAP_Claims,m_US_Infapp_Claims_Merged_Customer_Case_V0_Verizon_IICS,DTEMPLATE,3BfnC4kgXKOdDrg2FJtu8F
/SYS,Redshift_Odbc_Infapp_Verizon,Connection,53cDr7QcwtxiqJIV9hNZQf
/Explore/HEAP_Claims,m_US_HEAP_CLAIMS_V0_ATT_Param_End,DTEMPLATE,fzVYQOllOiYhP8gEVFxEWj
/SYS,Redshift_infapp_sprint,Connection,95luwZ8hYeTepEdz47WguM
/Explore/HEAP_Claims,mc_US_HEAP_Claims_Merged_Customer_Case_Hive_Asurion,MTT,2G699jF1FPNjyqlPSKFV0D
/SYS,Redshift_Odbc_Infapp_Asurion,Connection,iMdsCe0T3MMhFjADScAa0M
/Explore/HEAP_Claims,mc_US_Heap_Claims_Merged_Customer_Case_Sprint,MTT,9iAddS86JvJjGpm1OG5s2M
/Explore/HEAP_Claims,tf_US_HEAP_CLAIMS_SPRINT_Infapp,WORKFLOW,c7Vhy7yuJWXiNeiBsMU5oE
/Explore/HEAP_Claims,m_US_HEAP_CLAIMS_ATT_Param_End,DTEMPLATE,eGqx3lM0hAherud44yAjox
/SYS,Redshift_Odbc_Infapp_Sprint,Connection,93R9nhwYCaObUgfveND2Ir
/Explore/HEAP_Claims,m_US_Heap_Claims_Merged_Service_Request_Sprint_Infapp,DTEMPLATE,d4gH2aC3VwqjtnAB1OxPGB
/Explore/HEAP_Claims,tf_US_HEAP_CLAIMS_Verizon_V0,WORKFLOW,8X4x1eSUZcIbBPofWi0lij
/Explore/HEAP_Claims,mc_US_Heap_Claims_Merged_Customer_Case_Sprint_Infapp,MTT,82ynkxkqKQNbVxsChHARcI
/Explore/HEAP_Claims,mc_US_Infapp_Claims_Merged_Customer_Case_ATT_IICS,MTT,kvoOL3AqeQvb26OczOyt2e
/Explore/HEAP_Claims,m_US_Heap_Claims_Merged_Service_Request_ATT_Infapp,DTEMPLATE,6E3B6IUE7IVcBsNJ6E2q6W
/Explore/HEAP_Claims,mc_US_Infapp_Merged_Customer_Case_Etl_Asurion,MTT,05aP5iwRaupg3ewfNWBccK
/Explore/HEAP_Claims,mc_US_HEAP_Claims_Merged_Customer_Case_Hive_Sprint,MTT,kCT6VN1RK2mc9ZD7iM4smz
/Explore/HEAP_Claims,mc_US_HEAP_Claims_Merged_Service_Request_Hive_Sprint,MTT,gPGAbfXyqiXfJg3GfTajCu
/Explore/HEAP_Claims,mc_US_Heap_Claims_Merged_Customer_Case_V0_Asurion_Infapp,MTT,gxdR8p7hqyjkKdMm3Onkgq
/Explore/HEAP_Claims,mc_US_Heap_Claims_Merged_Service_Request_ATT_Infapp,MTT,5B15lLlu6HIdV3rR1frjmj
/Explore/HEAP_Claims,mc_US_HEAP_CLAIMS_ATT_Param_Start,MTT,6NmQ9UYEXiUk45KLYJJHqD
/Explore/HEAP_Claims,tf_US_INFAPP_CLAIMS_ATT,WORKFLOW,8hiwFIt1Q3QgavHxMgbIGs
/Explore/HEAP_Claims,tf_US_INFAPP_CLAIMS_ASURION,WORKFLOW,4SGkwwyDSimbAXu4T7G5MO
/SYS,Redshift_Odbc_Heap_Asurion,Connection,71O1njzzqszhHbxDJpuQGO
/Explore/HEAP_Claims,m_US_Heap_Claims_Merged_Service_Request_ATT,DTEMPLATE,4hs8vhpOnBJlx9E3mOTDqM
/Explore/HEAP_Claims,m_US_Infapp_Claims_Merged_Service_Request_Asurion_IICS,DTEMPLATE,02UifjicgNihPTiAwo9mMX
/Explore/HEAP_Claims,m_US_Infapp_Claims_Merged_Service_Request_ATT_IICS,DTEMPLATE,7493ERYrf7idlhRVucJ7wf
/Explore/HEAP_Claims,mc_US_Infapp_Claims_Merged_Service_Request_V0_Verizon_IICS,MTT,26LjyENLeWlcNBkbTznwW5
/Explore/HEAP_Claims,tf_US_HEAP_CLAIMS_ATT_V0_Infapp,WORKFLOW,2YE6Mu4hNxMbjNLBMGtoYZ
/Explore/HEAP_Claims,m_US_Heap_Claims_Merged_Customer_Case_Asurion_Infapp,DTEMPLATE,7FdIuyANwGufO2g2SS8UKH
/Explore/HEAP_Claims,m_US_Infapp_Claims_Merged_Customer_Case_Asurion_IICS,DTEMPLATE,27vMgGwHvGfeKwjXZSgsau
/Explore/HEAP_Claims,m_US_Infapp_Merged_Customer_Case_Etl_V0_Verizon,DTEMPLATE,lCim3ig1D8Ie1uXyd8sSQv
/Explore/HEAP_Claims,m_US_HEAP_Claims_Sprint_Param_Start,DTEMPLATE,0CL1xzGMaRjiFZdRY5pf8J
/Explore/HEAP_Claims,m_US_Heap_Claims_Merged_Service_Request_V0_Asurion_Infapp,DTEMPLATE,gmEJOsPAWesjOv4ElVnlyb
/Explore/HEAP_Claims,m_US_Infapp_Claims_Merged_Service_Request_V0_Verizon_IICS,DTEMPLATE,29tt7s0YlfccQrIsVSJjUv
/Explore/HEAP_Claims,mc_US_HEAP_CLAIMS_V0_ATT_Param_End,MTT,7HXAwuG8JPAhBtPNOah3YG
/Explore/HEAP_Claims,m_US_Heap_Claims_Merged_Customer_Case_V0_ATT,DTEMPLATE,5kcpk8TnjbKdsvRnQWXmqx
/Explore/HEAP_Claims,mc_US_HEAP_Claims_Merged_Customer_Case_Hive_ATT,MTT,3CzxcAKKBwGkJvKMvpXLmn
/SYS,Asurion_DEV,AgentGroup,7tRaWhIyM5hkr9OcRXPaek
/Explore/HEAP_Claims,mc_US_Infapp_Claims_Merged_Service_Request_Sprint_IICS,MTT,2pQdVixOTE8f5ACgtjGoSW
/Explore/HEAP_Claims,m_US_Heap_Claims_Merged_Service_Request_V0_Verizon_Infapp,DTEMPLATE,a48EiQYDidYknuKbePNWIo
/Explore/HEAP_Claims,mc_US_HEAP_CLAIMS_V0_Verizon_Param_End,MTT,iZVoLMhAM0obzlj0pI6rCV
/Explore/HEAP_Claims,tf_US_HEAP_CLAIMS_SPRINT,WORKFLOW,0TQjAIzReoqfeO1BX5OG0N
/Explore/HEAP_Claims,m_US_Infapp_Merged_Customer_Case_Etl_V0_Asurion,DTEMPLATE,8RNAfAhHzZQkPQe7xXJ9GG
/SYS,Redshift_infapp_asurion,Connection,9un1aBwokUCbhsf86cnF0V
/Explore/HEAP_Claims,mc_US_Heap_Claims_Merged_Customer_Case_V0_ATT_Infapp,MTT,cSsGERsge6siI9zcu6q8kk
/Explore/HEAP_Claims,mc_US_Infapp_Merged_Customer_Case_Etl_V0_Asurion,MTT,lPZaZeRbYUxkQ6urRCwqiY
/Explore/HEAP_Claims,mc_US_Heap_Claims_Merged_Service_Request_Asurion_Infapp,MTT,7yz2HVtcUe9laOdmP4dLok
/Explore/HEAP_Claims,m_US_HEAP_Claims_Sprint_Param_End,DTEMPLATE,68mdBXHCGeoelSzTcQJoOQ
/Explore/Default,mplt_Generate_Next_Value,MAPPLET,aNoMQUM6XojiqgWgZkBUyu
/Explore/HEAP_Claims,mc_US_Infapp_Claims_Merged_Service_Request_Asurion_IICS,MTT,9fE6G5Kopupg9TsroI2FaO
/Explore/HEAP_Claims,m_US_Heap_Claims_Merged_Customer_Case_ATT_Infapp,DTEMPLATE,goQwvSl0P8keNrMjdZKmoX
/Explore/HEAP_Claims,mc_US_Infapp_Merged_Customer_Case_Etl_V0_Verizon,MTT,9i3OBhBSMR3fv1MBACIgeX
/Explore/HEAP_Claims,m_US_HEAP_CLAIMS_ATT_Param_Start,DTEMPLATE,jrpgwyyZiqxhzO9K3Y71Oy
/SYS,Redshift_Heap_Verizon,Connection,9teRZbdcu14gV8OZnXxjSh
/Explore/HEAP_Claims,mc_US_Heap_Claims_Merged_Service_Request_V0_Verizon,MTT,6ngGSKZm321hJQadlTIleF
/Explore/HEAP_Claims,mc_US_Infapp_Merged_Customer_Case_Etl_ATT,MTT,iZ3jJqDhnSmhgu9jAhN7ot
/SYS,Redshift_Heap_att,Connection,4fVahRogrlUjpiX94BgLCG
/Explore/HEAP_Claims,m_US_Infapp_Claims_Merged_Customer_Case_V0_Asurion_IICS,DTEMPLATE,1r4KZivUrumg5Idt25yMKZ
/Explore/HEAP_Claims,mc_US_Heap_Claims_Merged_Service_Request_ATT,MTT,eY4VHUd5koKcbSzhkokiUm
/Explore/HEAP_Claims,mc_US_HEAP_CLAIMS_V0_Asurion_Param_End,MTT,b3H5XGaQjkSl9Av61vhHqI
/Explore/HEAP_Claims,m_US_HEAP_CLAIMS_Asurion_Param_End,DTEMPLATE,4QtmgREqaEWkC5R854hccY
/Explore/HEAP_Claims,mc_US_Heap_Claims_Merged_Customer_Case_Asurion_Infapp,MTT,adt8Nc1KMFRkwvmJ3qCzSD
/Explore/HEAP_Claims,m_US_Heap_Claims_Merged_Service_Request_V0_ATT,DTEMPLATE,klwInqmHUaEhvylJwpyneK
/Explore/HEAP_Claims,tf_US_HEAP_CLAIMS_Asurion_V0_Infapp,WORKFLOW,11Q19UqWM2nbEK5qM901YO
/Explore/HEAP_Claims,m_US_Heap_Claims_Merged_Customer_Case_V0_Verizon,DTEMPLATE,94JY3enBxD3fr2rmH6mvyH
/Explore/HEAP_Claims,mc_US_Heap_Claims_Merged_Customer_Case_V0_ATT,MTT,aVbxw7owJCfeMvsNaWZxSB
/Explore/HEAP_Claims,mc_US_Infapp_Claims_Merged_Customer_Case_Asurion_IICS,MTT,5eMrhJpNrnoljEfoZzw0mq
/Explore/HEAP_Claims,m_US_HEAP_CLAIMS_V0_Asurion_Param_Start,DTEMPLATE,d00Fd0qEzS9hmnOllPnC0K
/Explore/HEAP_Claims,mc_US_Heap_Claims_Merged_Service_Request_V0_ATT,MTT,4O20CyPz5ChiCD5FDQinoY
/Explore/HEAP_Claims,m_US_Infapp_Merged_Customer_Case_Etl_ATT,DTEMPLATE,6go2hTcx9XNkICjhtOl86u
/Explore/HEAP_Claims,mc_US_Infapp_Claims_Merged_Service_Request_V0_Asurion_IICS,MTT,0QLCOlTQKS2hfVR0plsNwn
/Explore,Default,Project,14F1TxMxOIUdnJyHR9lnWN
/Explore/HEAP_Claims,mc_US_Heap_Claims_Merged_Customer_Case_ATT_Infapp,MTT,2kwxQXKg44skqS1lI1tpaz
/Explore/HEAP_Claims,tf_US_HEAP_CLAIMS_ATT_Infapp,WORKFLOW,7ckFjgVbNMAiS4OMA9b2oC
/Explore/HEAP_Claims,m_US_Heap_Claims_Merged_Customer_Case_Sprint,DTEMPLATE,2z7JxtAR7wriA2XZ9E6s0A